repeat,step_idx,is_warmup,data_wait_ms,step_wall_ms,h2d_ms,forward_loss_ms,backward_ms,update_prior_ms,optimizer_ms,item_sync_ms,loss,batch_size,samples_per_sec_gpu,samples_per_sec_wall,max_memory_allocated_gb,max_memory_reserved_gb
0,0,1,33.459336031228304,519.2947960458696,28.847135543823242,272.44757080078125,153.44338989257812,0.1626559942960739,30.019359588623047,0.0,0.15987718105316162,256,527.922009749458,492.9762476906997,10.376714752,10.523508736
0,1,1,0.1951520098373294,176.65820592083037,0.5732160210609436,56.605342864990234,118.62735748291016,0.03961599990725517,0.3399040102958679,0.0,0.1296142041683197,256,1453.0145354867389,1449.126003887568,10.390491648,10.540285952
0,2,1,0.19805796910077333,169.15812494698912,0.5618879795074463,49.38083267211914,118.35282897949219,0.03779200091958046,0.34095999598503113,0.0,0.07959932088851929,256,1517.7178593841493,1513.376907436314,10.390491648,10.540285952
0,3,1,0.17383298836648464,168.8969600945711,0.5626239776611328,49.30595016479492,118.17670440673828,0.039103999733924866,0.34191998839378357,0.0,-0.0030692964792251587,256,1519.9526210775318,1515.7170375159917,10.390491648,10.540285952
0,4,1,0.20140409469604492,168.8246560515836,0.5627520084381104,49.277793884277344,118.1200942993164,0.03884800150990486,0.3426559865474701,0.0,-0.08679196238517761,256,1520.712482586274,1516.3661871864285,10.390491648,10.540285952
0,5,1,0.17098698299378157,168.80475904326886,0.5596160292625427,49.28998565673828,118.13072204589844,0.04009599983692169,0.34377598762512207,0.0,-0.1747484803199768,256,1520.5133069189774,1516.544921191356,10.390491648,10.540285952
0,6,1,0.23173994850367308,168.85142598766834,0.5615360140800476,49.269920349121094,118.12313842773438,0.03936000168323517,0.3439359962940216,0.0,-0.27464067935943604,256,1520.750906407703,1516.125780416544,10.390491648,10.540285952
0,7,1,0.16178004443645477,168.98700699675828,0.7283520102500916,49.275169372558594,118.15711975097656,0.03830400109291077,0.3407360017299652,0.0,-0.3388751149177551,256,1518.9301313113426,1514.9093681794773,10.390491648,10.540285952
0,8,1,0.19669497851282358,169.0515869995579,0.7713919878005981,49.27289581298828,118.15411376953125,0.03862399980425835,0.34246399998664856,0.0,-0.432265043258667,256,1518.5714504938715,1514.330652220789,10.390491648,10.540285952
0,9,1,0.13803609181195498,168.97899203468114,0.7325760126113892,49.2916145324707,118.16044616699219,0.039583999663591385,0.34278398752212524,0.0,-0.5250459909439087,256,1518.6839230887979,1514.981222917099,10.390491648,10.540285952
0,10,0,0.20570203196257353,169.0672660479322,0.7646399736404419,49.28972625732422,118.10979461669922,0.038975998759269714,0.34326401352882385,0.0,-0.55293869972229,256,1518.86957356458,1514.190215434261,10.390491648,10.540285952
0,11,0,0.14731299597769976,168.84374199435115,0.559008002281189,49.28403091430664,118.16675567626953,0.03984000161290169,0.3421440124511719,0.0,-0.5700743198394775,256,1520.2642440019786,1516.1947785341358,10.390491648,10.540285952
0,12,0,0.18909107893705368,169.05074496753514,0.7714560031890869,49.295169830322266,118.14617919921875,0.038015998899936676,0.3410879969596863,0.0,-0.5905358791351318,256,1518.4595837074698,1514.3381950145372,10.390491648,10.540285952
0,13,0,0.1394689315930009,168.95421606022865,0.7606080174446106,49.29391860961914,118.07673645019531,0.03961599990725517,0.3404160141944885,0.0,-0.6097886562347412,256,1519.1859979546532,1515.203384499984,10.390491648,10.540285952
0,14,0,0.21580001339316368,169.02718204073608,0.72079998254776,49.275840759277344,118.15872192382812,0.039455998688936234,0.340831995010376,0.0,-0.6335164308547974,256,1518.9664560493025,1514.5492985755582,10.390491648,10.540285952
0,15,0,0.09832298383116722,168.9297710545361,0.733951985836029,49.2782096862793,118.16175842285156,0.03891199827194214,0.34163200855255127,0.0,-0.6999540328979492,256,1518.7969144821911,1515.4226422135785,10.390491648,10.540285952
0,16,0,0.17538608517497778,168.77151699736714,0.5600640177726746,49.273502349853516,118.10409545898438,0.038943998515605927,0.3410240113735199,0.0,-0.6853613257408142,256,1520.9339642476739,1516.8436271387761,10.390491648,10.540285952
0,17,0,0.14033098705112934,168.99793804623187,0.7324479818344116,49.274112701416016,118.15833282470703,0.041728001087903976,0.34172800183296204,0.0,-0.675012469291687,256,1518.8520133415927,1514.8113814854205,10.390491648,10.540285952
0,18,0,0.08929602336138487,168.94924698863178,0.7293440103530884,49.280799865722656,118.1685791015625,0.03907199949026108,0.34438401460647583,0.0,-0.7016506791114807,256,1518.7274009583864,1515.2479490910407,10.390491648,10.540285952
0,19,0,0.12813799548894167,168.96698996424675,0.7356799840927124,49.27417755126953,118.17616271972656,0.04025600105524063,0.3438720107078552,0.0,-0.6821610331535339,256,1518.6556020271387,1515.0888351279107,10.390491648,10.540285952
0,20,0,0.07525994442403316,168.8645100221038,0.7298240065574646,49.26764678955078,118.13616180419922,0.0379519984126091,0.34172800183296204,0.0,-0.6905885934829712,256,1519.1678096485289,1516.0083072902084,10.390491648,10.540285952
0,21,0,0.171357998624444,168.77914196811616,0.5576000213623047,49.25804901123047,118.13919830322266,0.040991999208927155,0.34252798557281494,0.0,-0.7215752601623535,256,1520.7466014711486,1516.7751003756175,10.390491648,10.540285952
0,22,0,0.07546995766460896,168.91511401627213,0.7307519912719727,49.27289581298828,118.18112182617188,0.03907199949026108,0.3442879915237427,0.0,-0.7271703481674194,256,1518.6737883068397,1515.5541378928276,10.390491648,10.540285952
0,23,0,0.12589397374540567,168.9467818941921,0.7762879729270935,49.26192092895508,118.14390563964844,0.03948799893260002,0.3410559892654419,0.0,-0.7578030824661255,256,1518.7230803840841,1515.2700580016228,10.390491648,10.540285952
0,24,0,0.0759810209274292,168.88363601174206,0.7295680046081543,49.270912170410156,118.1473617553711,0.03872000053524971,0.3426559865474701,0.0,-0.7673330307006836,256,1519.0244348333822,1515.83662008675,10.390491648,10.540285952
0,25,0,0.13219600077718496,168.99203706998378,0.7512000203132629,49.26371383666992,118.13632202148438,0.039872001856565475,0.34275200963020325,0.0,-0.7791041135787964,256,1518.9825959433758,1514.8642766758535,10.390491648,10.540285952
0,26,0,0.09003700688481331,168.83598698768765,0.7116159796714783,49.25507354736328,118.09964752197266,0.038656000047922134,0.344543993473053,0.0,-0.7837834358215332,256,1519.742971661405,1516.264420681053,10.390491648,10.540285952
0,27,0,0.07256492972373962,168.8295550411567,0.6871359944343567,49.24460983276367,118.18653106689453,0.03916800022125244,0.34278398752212524,0.0,-0.8025339841842651,256,1519.2857701073212,1516.3221862285498,10.390491648,10.540285952
0,28,0,0.07435795851051807,168.93924807664007,0.7633600234985352,49.257408142089844,118.1520004272461,0.038816001266241074,0.34169599413871765,0.0,-0.7855590581893921,256,1518.807578865137,1515.3376312167816,10.390491648,10.540285952
0,29,0,0.14829495921730995,169.01185305323452,0.7575680017471313,49.25321578979492,118.17375946044922,0.04054399952292442,0.34323200583457947,0.0,-0.7900538444519043,256,1518.6720798299684,1514.6866647238428,10.390491648,10.540285952
0,30,0,0.08239294402301311,168.84319996461272,0.7379199862480164,49.262367248535156,118.10800170898438,0.03824000060558319,0.3439359962940216,0.0,-0.8341188430786133,256,1519.373811984843,1516.1996459061081,10.390491648,10.540285952
0,31,0,0.13531104195863008,168.7581919832155,0.5603520274162292,49.25139236450195,118.15968322753906,0.03782400116324425,0.3404160141944885,0.0,-0.8204290866851807,256,1520.644522775754,1516.9633959189457,10.390491648,10.540285952
0,32,0,0.19499205518513918,168.99964096955955,0.7712960243225098,49.25958251953125,118.08828735351562,0.038656000047922134,0.3412800133228302,0.0,-0.810600996017456,256,1519.295931533286,1514.796117502469,10.390491648,10.540285952
0,33,0,0.13183499686419964,168.9416830195114,0.7646719813346863,49.25516891479492,118.13014221191406,0.041919998824596405,0.34220799803733826,0.0,-0.8161589503288269,256,1518.9803317658966,1515.3157907775435,10.390491648,10.540285952
0,34,0,0.07274502422660589,168.90992398839444,0.7695040106773376,49.26374435424805,118.15388488769531,0.03884800150990486,0.34089601039886475,0.0,-0.8553712368011475,256,1518.6850711973684,1515.6007057204608,10.390491648,10.540285952
0,35,0,0.16834295820444822,168.75943506602198,0.5560960173606873,49.25551986694336,118.14022064208984,0.03791999816894531,0.34121599793434143,0.0,-0.8499959707260132,256,1520.8134080362781,1516.9522219593105,10.390491648,10.540285952
0,36,0,0.18640595953911543,168.76553592737764,0.5606719851493835,49.25983810424805,118.10857391357422,0.03920000046491623,0.3424319922924042,0.0,-0.8712881207466125,256,1520.9964409306904,1516.897384251253,10.390491648,10.540285952
0,37,0,0.17147802282124758,168.78019401337951,0.5606399774551392,49.260833740234375,118.14153289794922,0.03993599861860275,0.34147199988365173,0.0,-0.8814468383789062,256,1520.6919729815374,1516.7656459721004,10.390491648,10.540285952
0,38,0,0.07908698171377182,168.7161549925804,0.5581439733505249,49.266849517822266,118.12678527832031,0.0379519984126091,0.34118399024009705,0.0,-0.8548708558082581,256,1520.813929917836,1517.3413595826555,10.390491648,10.540285952
0,39,0,0.16944401431828737,168.72528102248907,0.5588799715042114,49.258079528808594,118.09590148925781,0.03798399865627289,0.34115201234817505,0.0,-0.8616973161697388,256,1521.1656202470829,1517.2592894711388,10.390491648,10.540285952
0,40,0,0.07434806320816278,168.70919207576662,0.5569919943809509,49.24979019165039,118.16226959228516,0.03903999924659729,0.34191998839378357,0.0,-0.8916596174240112,256,1520.6414143641146,1517.4039828548964,10.390491648,10.540285952
0,41,0,0.14601100701838732,168.77744800876826,0.5608320236206055,49.26492691040039,118.15007781982422,0.039872001856565475,0.3399040102958679,0.0,-0.8651389479637146,256,1520.5908243512015,1516.7903237090088,10.390491648,10.540285952
0,42,0,0.1701560104265809,168.82689006160945,0.5582720041275024,49.26067352294922,118.16146850585938,0.0379519984126091,0.34275200963020325,0.0,-0.8950148224830627,256,1520.5411022376904,1516.3461217971778,10.390491648,10.540285952
0,43,0,0.07010996341705322,168.64770709071308,0.5574079751968384,49.278656005859375,118.11062622070312,0.03782400116324425,0.3416000008583069,0.0,-0.8689501285552979,256,1520.8573025696912,1517.9571926364906,10.390491648,10.540285952
0,44,0,0.07163197733461857,168.7120069982484,0.5555520057678223,49.27094268798828,118.16422271728516,0.037696000188589096,0.34198400378227234,0.0,-0.8894339799880981,256,1520.457300869771,1517.378665305415,10.390491648,10.540285952
0,45,0,0.17504498828202486,168.8118219608441,0.5560960173606873,49.272544860839844,118.13056182861328,0.03948799893260002,0.3394879996776581,0.0,-0.891849160194397,256,1520.7483053976473,1516.4814704705882,10.390491648,10.540285952
0,46,0,0.16337400302290916,168.79876796156168,0.55731201171875,49.265567779541016,118.15507507324219,0.03843199834227562,0.3429439961910248,0.0,-0.896206259727478,256,1520.557243211812,1516.5987470850232,10.390491648,10.540285952
0,47,0,0.08191203232854605,168.681851006113,0.5596160292625427,49.266143798828125,118.10623931884766,0.03779200091958046,0.34137600660324097,0.0,-0.9352620244026184,256,1520.9923638938692,1517.6499337247765,10.390491648,10.540285952
0,48,0,0.14439807273447514,168.77641691826284,0.5564159750938416,49.2652473449707,118.15167999267578,0.038015998899936676,0.3418239951133728,0.0,-0.8852437138557434,256,1520.6127675860248,1516.7995900990059,10.390491648,10.540285952
0,49,0,0.1565810525789857,168.7218549195677,0.5580800175666809,49.26950454711914,118.0926742553711,0.039744000881910324,0.34143999218940735,0.0,-0.8924930691719055,256,1521.0802457840302,1517.2900992704183,10.390491648,10.540285952
0,50,0,0.0833739759400487,168.67728298529983,0.558784008026123,49.26182556152344,118.1258544921875,0.038943998515605927,0.3418560028076172,0.0,-0.8945454359054565,256,1520.8469134512575,1517.691033844257,10.390491648,10.540285952
0,51,0,0.1514109317213297,168.7804440734908,0.5596799850463867,49.264225006103516,118.1517105102539,0.03827200084924698,0.3410240113735199,0.0,-0.9028961658477783,256,1520.5971581012025,1516.7633987770043,10.390491648,10.540285952
0,52,0,0.1934689935296774,168.83737000171095,0.5609920024871826,49.265663146972656,118.16259002685547,0.0379519984126091,0.34249600768089294,0.0,-0.9200881123542786,256,1520.4636604204893,1516.2520003563534,10.390491648,10.540285952
0,53,0,0.0718430383130908,168.65154495462775,0.5569599866867065,49.27212905883789,118.09305572509766,0.038943998515605927,0.3540480136871338,0.0,-0.9115450382232666,256,1520.9564920492787,1517.9226497383795,10.390491648,10.540285952
0,54,0,0.1894719898700714,168.96077897399664,0.5846080183982849,49.251678466796875,118.22509002685547,0.040863998234272,0.34467199444770813,0.0,-0.9193549752235413,256,1519.7666504739736,1515.144529721888,10.390491648,10.540285952
0,55,0,0.07834599819034338,168.67201298009604,0.5575680136680603,49.25145721435547,118.12226867675781,0.03830400109291077,0.34137600660324097,0.0,-0.9227774739265442,256,1520.9941101827455,1517.738452734355,10.390491648,10.540285952
0,56,0,0.17121806740760803,168.83656906429678,0.5573440194129944,49.26492691040039,118.12198638916016,0.03862399980425835,0.3397440016269684,0.0,-0.9510848522186279,256,1520.8888259240252,1516.2591932468695,10.390491648,10.540285952
0,57,0,0.17654697876423597,168.81012998055667,0.5577279925346375,49.25708770751953,118.16073608398438,0.03964800015091896,0.3410559892654419,0.0,-0.9408302903175354,256,1520.5850167188387,1516.496670131619,10.390491648,10.540285952
0,58,0,0.15421595890074968,168.82273298688233,0.5579519867897034,49.256351470947266,118.17820739746094,0.0390079990029335,0.34431999921798706,0.0,-0.9450654983520508,256,1520.4081639222786,1516.383460158126,10.390491648,10.540285952
0,59,0,0.1407410018146038,168.80689293611795,0.5574399828910828,49.25600051879883,118.17046356201172,0.03884800150990486,0.3415679931640625,0.0,-0.9448873996734619,256,1520.5121840021638,1516.525750502847,10.390491648,10.540285952
1,0,1,13.702664989978075,287.7963869832456,6.6727681159973145,147.1221466064453,118.7995834350586,0.03907199949026108,0.9073600172996521,0.0,0.15109558403491974,256,935.8745685221052,889.5177687373238,10.376714752,10.536091648
1,1,1,0.14871603343635798,168.86978899128735,0.5591040253639221,49.300193786621094,118.18946838378906,0.037856001406908035,0.3332799971103668,0.0,0.12119847536087036,256,1520.0103827674423,1515.9609159765578,10.390491648,10.552868864
1,2,1,0.1536649651825428,168.75988605897874,0.5594559907913208,49.287296295166016,118.10157012939453,0.03846399858593941,0.3337920010089874,0.0,0.07047997415065765,256,1520.9073210817064,1516.9481680648464,10.390491648,10.552868864
1,3,1,0.13624306302517653,168.83309208787978,0.5579839944839478,49.2803840637207,118.18540954589844,0.03903999924659729,0.33423998951911926,0.0,-0.006798416376113892,256,1520.2165860814955,1516.2904193376305,10.390491648,10.552868864
1,4,1,0.16301299910992384,168.86040207464248,0.5683839917182922,49.277984619140625,118.17298889160156,0.03807999938726425,0.33449599146842957,0.0,-0.09396830201148987,256,1520.2628456674925,1516.0451879466605,10.390491648,10.552868864
1,5,1,0.07394794374704361,168.78723597619683,0.5601599812507629,49.26131057739258,118.176513671875,0.037856001406908035,0.33375999331474304,0.0,-0.183543860912323,256,1520.4644998712986,1516.7023650775484,10.390491648,10.552868864
1,6,1,0.16195105854421854,168.83083805441856,0.5576639771461487,49.25856018066406,118.17660522460938,0.03782400116324425,0.33270400762557983,0.0,-0.27647677063941956,256,1520.5208779791642,1516.3106630880109,10.390491648,10.552868864
1,7,1,0.15088007785379887,168.7525229062885,0.5630720257759094,49.250526428222656,118.1296615600586,0.03916800022125244,0.33555200695991516,0.0,-0.3354555368423462,256,1520.93079995196,1517.0143568292706,10.390491648,10.552868864
1,8,1,0.14669192023575306,168.82113995961845,0.5575360059738159,49.26713562011719,118.18883514404297,0.03763199970126152,0.33542400598526,0.0,-0.3707605004310608,256,1520.3113347044364,1516.397769030789,10.390491648,10.552868864
1,9,1,0.13358797878026962,168.7532829819247,0.5574719905853271,49.2691535949707,118.12035369873047,0.038015998899936676,0.33372798562049866,0.0,-0.47385460138320923,256,1520.924083954493,1517.0075240990739,10.390491648,10.552868864
1,10,0,0.1484049716964364,168.92728698439896,0.5608639717102051,49.27833557128906,118.22688293457031,0.0379519984126091,0.3343999981880188,0.0,-0.5405850410461426,256,1519.8431450587796,1515.4449264531343,10.390491648,10.552868864
1,11,0,0.08128094486892223,168.7141910661012,0.5589439868927002,49.28732681274414,118.12067413330078,0.040192000567913055,0.3333120048046112,0.0,-0.5709204077720642,256,1520.7277966438921,1517.3590222751372,10.390491648,10.552868864
1,12,0,0.1455199671909213,168.8255879562348,0.5589759945869446,49.28473663330078,118.14892578125,0.03811199963092804,0.3355199992656708,0.0,-0.5840628147125244,256,1520.494570436145,1516.3578169581951,10.390491648,10.552868864
1,13,0,0.15926500782370567,168.85306895710528,0.5600640177726746,49.275840759277344,118.17705535888672,0.0379519984126091,0.3330880105495453,0.0,-0.6072425842285156,256,1520.3344722759005,1516.1110282516283,10.390491648,10.552868864
1,14,0,0.08492800407111645,168.7552270013839,0.5570240020751953,49.284000396728516,118.1530532836914,0.0379519984126091,0.3330560028553009,0.0,-0.634526789188385,256,1520.5052696070252,1516.990048538767,10.390491648,10.552868864
1,15,0,0.15262397937476635,168.85038395412266,0.5600000023841858,49.27043151855469,118.18460845947266,0.039135999977588654,0.3356800079345703,0.0,-0.6663908362388611,256,1520.281601866512,1516.1351369479637,10.390491648,10.552868864
1,16,0,0.16051798593252897,168.80578093696386,0.5583040118217468,49.258304595947266,118.17129516601562,0.03840000182390213,0.33635199069976807,0.0,-0.7061313986778259,256,1520.5272145108863,1516.535740536022,10.390491648,10.552868864
1,17,0,0.1339880982413888,168.75990596599877,0.5570560097694397,49.26176071166992,118.1467514038086,0.038015998899936676,0.33420801162719727,0.0,-0.7161458134651184,256,1520.7517976327015,1516.9479891247279,10.390491648,10.552868864
1,18,0,0.13254606164991856,168.83209999650717,0.5577920079231262,49.26457595825195,118.20294189453125,0.03843199834227562,0.3322559893131256,0.0,-0.7009167671203613,256,1520.2261530616925,1516.2993293650684,10.390491648,10.552868864
1,19,0,0.1502189552411437,168.79292693920434,0.5587520003318787,49.25120162963867,118.15420532226562,0.038784001022577286,0.3345920145511627,0.0,-0.7119079828262329,256,1520.7541208735959,1516.6512284736068,10.390491648,10.552868864
1,20,0,0.15739200171083212,168.84645691607147,0.5580160021781921,49.266239166259766,118.20249938964844,0.03791999816894531,0.3375360071659088,0.0,-0.7181169986724854,256,1520.1700686915208,1516.1703992832372,10.390491648,10.552868864
1,21,0,0.13205502182245255,168.78894995898008,0.5573760271072388,49.26512145996094,118.17696380615234,0.0379519984126091,0.33350399136543274,0.0,-0.720173716545105,256,1520.452606252148,1516.6869635850828,10.390491648,10.552868864
1,22,0,0.13275595847517252,168.76157908700407,0.5563200116157532,49.258975982666016,118.13577270507812,0.03782400116324425,0.3364480137825012,0.0,-0.7426776885986328,256,1520.864291221025,1516.932949934183,10.390491648,10.552868864
1,23,0,0.08740299381315708,168.73885702807456,0.5574079751968384,49.261024475097656,118.15849304199219,0.039103999733924866,0.3333120048046112,0.0,-0.7280968427658081,256,1520.6474686735125,1517.1372172884105,10.390491648,10.552868864
1,24,0,0.15799305401742458,168.77076600212604,0.5579839944839478,49.26176071166992,118.14131164550781,0.03811199963092804,0.33427199721336365,0.0,-0.7477259635925293,256,1520.7911123897618,1516.8503767813386,10.390491648,10.552868864
1,25,0,0.14932698104530573,168.7773980665952,0.5575680136680603,49.261600494384766,118.13910675048828,0.0382080003619194,0.3343360126018524,0.0,-0.7630321979522705,256,1520.8147926084253,1516.790772535722,10.390491648,10.552868864
1,26,0,0.08450692985206842,168.81069005466998,0.5612159967422485,49.250465393066406,118.26188659667969,0.037696000188589096,0.33555200695991516,0.0,-0.7635477185249329,256,1519.7675212196978,1516.4916387528149,10.390491648,10.552868864
1,27,0,0.13594201300293207,168.86297799646854,0.5585920214653015,49.25584030151367,118.21234893798828,0.039264000952243805,0.3349440097808838,0.0,-0.7910736203193665,256,1520.181093395872,1516.0220614216205,10.390491648,10.552868864
1,28,0,0.09593809954822063,168.95472700707614,0.7713279724121094,49.2749137878418,118.17427062988281,0.03827200084924698,0.3352000117301941,0.0,-0.7686572074890137,256,1518.4408916305063,1515.1988022760572,10.390491648,10.552868864
1,29,0,0.06916793063282967,168.6996640637517,0.5573440194129944,49.266719818115234,118.17497253417969,0.03855999931693077,0.3319360017776489,0.0,-0.8004363775253296,256,1520.465112614121,1517.4896845275132,10.390491648,10.552868864
1,30,0,0.19036303274333477,168.83495496585965,0.5580800175666809,49.271488189697266,118.17247772216797,0.03791999816894531,0.3349120020866394,0.0,-0.8027427196502686,256,1520.4168409666454,1516.2736890104666,10.390491648,10.552868864
1,31,0,0.17880205996334553,168.804578948766,0.5583680272102356,49.25151824951172,118.16815948486328,0.039103999733924866,0.3369919955730438,0.0,-0.7933652997016907,256,1520.6041106471305,1516.5465391652601,10.390491648,10.552868864
1,32,0,0.0742980046197772,169.14869798347354,0.9719039797782898,49.26665496826172,118.19340515136719,0.03782400116324425,0.33299198746681213,0.0,-0.8122152090072632,256,1516.5627003683587,1513.4612506743158,10.390491648,10.552868864
1,33,0,0.18111593089997768,168.80546102765948,0.5612159967422485,49.25686264038086,118.15782165527344,0.03830400109291077,0.33609598875045776,0.0,-0.8182475566864014,256,1520.638808311093,1516.538614577483,10.390491648,10.552868864
1,34,0,0.08078000973910093,168.71085506863892,0.5577920079231262,49.2498893737793,118.15135955810547,0.037856001406908035,0.33500799536705017,0.0,-0.8089904189109802,256,1520.804984037023,1517.389025714131,10.390491648,10.552868864
1,35,0,0.07462897337973118,169.09569909330457,0.8899199962615967,49.26377487182617,118.2227554321289,0.03951999917626381,0.3343999981880188,0.0,-0.8523283004760742,256,1517.0337081249638,1513.935607899423,10.390491648,10.552868864
1,36,0,0.20017195492982864,169.15846499614418,0.8710399866104126,49.265342712402344,118.1542739868164,0.037728000432252884,0.3344320058822632,0.0,-0.8626967668533325,256,1517.8212069544104,1513.3738651851404,10.390491648,10.552868864
1,37,0,0.18792902119457722,168.86981995776296,0.5611199736595154,49.26115036010742,118.20387268066406,0.03846399858593941,0.33315199613571167,0.0,-0.8540492057800293,256,1520.2102540217654,1515.9606379874729,10.390491648,10.552868864
1,38,0,0.17481402028352022,168.81457797717303,0.5605440139770508,49.268192291259766,118.16524505615234,0.03888000175356865,0.3353919982910156,0.0,-0.8228355646133423,256,1520.4766628447967,1516.4567128474894,10.390491648,10.552868864
1,39,0,0.07972796447575092,169.02631998527795,0.8254719972610474,49.26700973510742,118.20454406738281,0.0390079990029335,0.33475199341773987,0.0,-0.853196918964386,256,1517.7494952530244,1514.5570229671769,10.390491648,10.552868864
1,40,0,0.1816869480535388,168.81156200543046,0.5594559907913208,49.252830505371094,118.15923309326172,0.038975998759269714,0.33766400814056396,0.0,-0.8215160965919495,256,1520.6581444896888,1516.4838057227666,10.390491648,10.552868864
1,41,0,0.17326197121292353,168.82287291809916,0.5613440275192261,49.268959045410156,118.16700744628906,0.038047999143600464,0.33430400490760803,0.0,-0.853697657585144,256,1520.4639372881045,1516.38220328233,10.390491648,10.552868864
1,42,0,0.20952895283699036,169.20644510537386,0.840287983417511,49.26278305053711,118.19404602050781,0.0379519984126091,0.3357760012149811,0.0,-0.8833015561103821,256,1517.7489619969883,1512.9447335210853,10.390491648,10.552868864
1,43,0,0.20658294670283794,169.01249496731907,0.7273280024528503,49.27132797241211,118.15542602539062,0.03872000053524971,0.3336319923400879,0.0,-0.8675122857093811,256,1519.0495279241147,1514.680911902408,10.390491648,10.552868864
1,44,0,0.08536793757230043,168.7574819661677,0.6114559769630432,49.26515197753906,118.12579345703125,0.03776000067591667,0.3376320004463196,0.0,-0.8881457448005676,256,1520.3905147551277,1516.9697782722462,10.390491648,10.552868864
1,45,0,0.18755800556391478,168.86570199858397,0.5607360005378723,49.268768310546875,118.15968322753906,0.03859199956059456,0.33427199721336365,0.0,-0.8800103664398193,256,1520.5326714979863,1515.9976062051173,10.390491648,10.552868864
1,46,0,0.08677097503095865,169.0894679632038,0.863103985786438,49.265567779541016,118.18841552734375,0.03807999938726425,0.33324798941612244,0.0,-0.8750133514404297,256,1517.590876485719,1513.9913980669048,10.390491648,10.552868864
1,47,0,0.08080992847681046,169.06909900717437,0.9258880019187927,49.26607894897461,118.13219451904297,0.03984000161290169,0.3353919982910156,0.0,-0.8804667592048645,256,1517.4921185817252,1514.1737993714437,10.390491648,10.552868864
1,48,0,0.0736060319468379,168.80923800636083,0.696287989616394,49.26483154296875,118.1112289428711,0.03807999938726425,0.3338240087032318,0.0,-0.8968884944915771,256,1519.7906501737452,1516.504683175892,10.390491648,10.552868864
1,49,0,0.17504498828202486,169.02516805566847,0.7369920015335083,49.26438522338867,118.17385864257812,0.03814399987459183,0.3330560028553009,0.0,-0.9053516387939453,256,1518.8692580666811,1514.56734488018,10.390491648,10.552868864
1,50,0,0.07592106703668833,168.9650670159608,0.7769920229911804,49.27142333984375,118.18115234375,0.038336001336574554,0.33475199341773987,0.0,-0.8905286192893982,256,1518.3627976387002,1515.1060779670966,10.390491648,10.552868864
1,51,0,0.19863806664943695,168.86984393931925,0.5583680272102356,49.27747344970703,118.15491485595703,0.039135999977588654,0.33535999059677124,0.0,-0.9035506248474121,256,1520.5037646853348,1515.9604227027628,10.390491648,10.552868864
1,52,0,0.16886310186237097,168.82042097859085,0.5597760081291199,49.27702331542969,118.14911651611328,0.03811199963092804,0.3357119858264923,0.0,-0.8971158266067505,256,1520.5535495950512,1516.404227143024,10.390491648,10.552868864
1,53,0,0.08242309559136629,168.81575307343155,0.5609279870986938,49.2652473449707,118.2318115234375,0.03811199963092804,0.3352319896221161,0.0,-0.916157603263855,256,1519.9072447866038,1516.4461570635829,10.390491648,10.552868864
1,54,0,0.1783010084182024,168.85087895207107,0.6224319934844971,49.25385665893555,118.129150390625,0.03827200084924698,0.3320319950580597,0.0,-0.9183051586151123,256,1520.409029112801,1516.1306922936808,10.390491648,10.552868864
1,55,0,0.08818390779197216,168.84016897529364,0.6279039978981018,49.27577590942383,118.13247680664062,0.03964800015091896,0.3341439962387085,0.0,-0.9055819511413574,256,1520.100219496496,1516.2268644581875,10.390491648,10.552868864
1,56,0,0.08887506555765867,168.93433302175254,0.7580479979515076,49.28496170043945,118.14534759521484,0.03766399994492531,0.33558401465415955,0.0,-0.9079982042312622,256,1518.7325698038958,1515.381719162064,10.390491648,10.552868864
1,57,0,0.19245699513703585,168.89795602764934,0.5591999888420105,49.26569747924805,118.20249938964844,0.037856001406908035,0.3343360126018524,0.0,-0.9272379875183105,256,1520.1937351222932,1515.7080998546346,10.390491648,10.552868864
1,58,0,0.08810299914330244,168.9977009082213,0.7920960187911987,49.26192092895508,118.195068359375,0.038176000118255615,0.3346880078315735,0.0,-0.9120805263519287,256,1518.189067555271,1514.8135070726648,10.390491648,10.552868864
1,59,0,0.17239002045243979,168.82218595128506,0.5607680082321167,49.272926330566406,118.15350341796875,0.03964800015091896,0.3355199992656708,0.0,-0.9478796720504761,256,1520.5298336727444,1516.388373705046,10.390491648,10.552868864
2,0,1,1.657748012803495,226.09975608065724,4.2184319496154785,96.30038452148438,122.27721405029297,0.03753599897027016,0.9079359769821167,0.0,0.12972447276115417,256,1144.1775314038464,1132.243592110185,10.376714752,10.536091648
2,1,1,0.14069094322621822,168.96001098211855,0.5615040063858032,49.320030212402344,118.26166534423828,0.03929600119590759,0.33542400598526,0.0,0.09535178542137146,256,1519.1262783976265,1515.151416669197,10.390491648,10.550771712
2,2,1,0.15875499229878187,169.18552899733186,0.6142079830169678,49.3686408996582,118.34323120117188,0.0379519984126091,0.3352000117301941,0.0,0.049590468406677246,256,1517.4935701981797,1513.1317762055007,10.390491648,10.550771712
2,3,1,0.14386710245162249,169.10356702283025,0.7329919934272766,49.27974319458008,118.2518081665039,0.0387520007789135,0.3346560001373291,0.0,-0.0339055061340332,256,1518.0450067283198,1513.8651685888926,10.390491648,10.550771712
2,4,1,0.15923497267067432,169.20013702474535,0.7601919770240784,49.27267074584961,118.31161499023438,0.0382080003619194,0.33481600880622864,0.0,-0.12396970391273499,256,1517.3292479247257,1513.001138778985,10.390491648,10.550771712
2,5,1,0.1399400644004345,169.00502401404083,0.6613439917564392,49.26220703125,118.27843475341797,0.038975998759269714,0.3341119885444641,0.0,-0.20877403020858765,256,1518.6112293138017,1514.7478691445983,10.390491648,10.550771712
2,6,1,0.1354520209133625,168.99136907886714,0.5610880255699158,49.286590576171875,118.318115234375,0.03807999938726425,0.33612799644470215,0.0,-0.28412261605262756,256,1518.927241114294,1514.87026464959,10.390491648,10.550771712
2,7,1,0.14979904517531395,168.97608106955886,0.559552013874054,49.2880973815918,118.31488037109375,0.038336001336574554,0.3333440124988556,0.0,-0.38449719548225403,256,1518.9794424145427,1515.0073216257028,10.390491648,10.550771712
2,8,1,0.1231789356097579,169.02083391323686,0.5608320236206055,49.311038970947266,118.33689880371094,0.03798399865627289,0.33718401193618774,0.0,-0.4224727153778076,256,1518.5313816209168,1514.6061824035964,10.390491648,10.550771712
2,9,1,0.1209949841722846,168.95672504324466,0.5611199736595154,49.308414459228516,118.29571533203125,0.039135999977588654,0.33404800295829773,0.0,-0.5334218144416809,256,1518.9413730556819,1515.1808839481027,10.390491648,10.550771712
2,10,0,0.12754707131534815,169.12383504677564,0.707360029220581,49.301151275634766,118.27584075927734,0.03776000067591667,0.33692800998687744,0.0,-0.563909649848938,256,1517.8551940439795,1513.6837449860127,10.390491648,10.550771712
2,11,0,0.1514611067250371,169.26115099340677,0.8748800158500671,49.29801559448242,118.27827453613281,0.03798399865627289,0.33404800295829773,0.0,-0.6380056142807007,256,1516.3792461148485,1512.4557436689768,10.390491648,10.550771712
2,12,0,0.13030203990638256,169.00693799834698,0.5602880120277405,49.29190444946289,118.31427001953125,0.038047999143600464,0.33244800567626953,0.0,-0.6209468841552734,256,1518.9546690526383,1514.7307147976603,10.390491648,10.550771712
2,13,0,0.1549780135974288,169.1800489788875,0.7359039783477783,49.29430389404297,118.29837036132812,0.040063999593257904,0.3338879942893982,0.0,-0.6296517848968506,256,1517.4639032065666,1513.1807890181367,10.390491648,10.550771712
2,14,0,0.1391880214214325,169.17606198694557,0.7667199969291687,49.29692840576172,118.29714965820312,0.037856001406908035,0.3349440097808838,0.0,-0.6947429180145264,256,1517.1845022272246,1513.216450325899,10.390491648,10.550771712
2,15,0,0.13342697639018297,169.29631598759443,0.8234879970550537,49.29350280761719,118.35075378417969,0.038015998899936676,0.3341119885444641,0.0,-0.7185797095298767,256,1516.2295261998452,1512.1415874091376,10.390491648,10.550771712
2,16,0,0.11382088996469975,169.09601399675012,0.7311999797821045,49.286590576171875,118.28224182128906,0.0379519984126091,0.33612799644470215,0.0,-0.6875628232955933,256,1517.7195622957006,1513.9327885335022,10.390491648,10.550771712
2,17,0,0.13375794515013695,169.01375993620604,0.5739520192146301,49.285728454589844,118.32572937011719,0.03932800143957138,0.33715200424194336,0.0,-0.7030967473983765,256,1518.7300061028752,1514.6695754039597,10.390491648,10.550771712
2,18,0,0.13976905029267073,169.22538401558995,0.7862399816513062,49.28678512573242,118.31964874267578,0.037728000432252884,0.3361920118331909,0.0,-0.7228473424911499,256,1516.8878753862723,1512.7754118520181,10.390491648,10.550771712
2,19,0,0.15237298794090748,169.1925619961694,0.766048014163971,49.293983459472656,118.29503631591797,0.038015998899936676,0.33657601475715637,0.0,-0.7262671589851379,256,1517.2199143800276,1513.0688783221806,10.390491648,10.550771712
2,20,0,0.12843904551118612,168.94997307099402,0.5598719716072083,49.285953521728516,118.28489685058594,0.037728000432252884,0.3356800079345703,0.0,-0.7089124321937561,256,1519.2505932334448,1515.241437134926,10.390491648,10.550771712
2,21,0,0.12738595250993967,169.2438879981637,0.9140480160713196,49.274654388427734,118.25225830078125,0.0390079990029335,0.33375999331474304,0.0,-0.7486363053321838,256,1516.464341940944,1512.6100152153062,10.390491648,10.550771712
2,22,0,0.17452402971684933,169.12378510460258,0.5574719905853271,49.2852783203125,118.43004608154297,0.038015998899936676,0.33664000034332275,0.0,-0.7495269775390625,256,1517.9594851242666,1513.6841919761005,10.390491648,10.550771712
2,23,0,0.13116293121129274,168.8974240096286,0.5592960119247437,49.27212905883789,118.26630401611328,0.038015998899936676,0.33670398592948914,0.0,-0.747771680355072,256,1519.5362886369696,1515.7128742555944,10.390491648,10.550771712
2,24,0,0.13521104119718075,169.04344595968723,0.5595200061798096,49.264320373535156,118.31680297851562,0.037696000188589096,0.33507201075553894,0.0,-0.7847948670387268,256,1519.1669192380302,1514.4035815564823,10.390491648,10.550771712
2,25,0,0.1228180481120944,169.05251308344305,0.6905279755592346,49.27056121826172,118.31056213378906,0.03961599990725517,0.3351680040359497,0.0,-0.7880404591560364,256,1517.9686395191966,1514.3223565901108,10.390491648,10.550771712
2,26,0,0.1386370277032256,169.06991496216506,0.7287999987602234,49.262977600097656,118.25631713867188,0.038336001336574554,0.3356480002403259,0.0,-0.7989023327827454,256,1518.1879022858277,1514.166491757498,10.390491648,10.550771712
2,27,0,0.14134193770587444,168.91897493042052,0.5785279870033264,49.26268768310547,118.27056121826172,0.038336001336574554,0.3331199884414673,0.0,-0.8029097318649292,256,1519.4390303820076,1515.5194974717854,10.390491648,10.550771712
2,28,0,0.11635595001280308,169.00136799085885,0.6011840105056763,49.282047271728516,118.3025894165039,0.038495998829603195,0.3368319869041443,0.0,-0.7849754095077515,256,1518.7366839745746,1514.7806378339305,10.390491648,10.550771712
2,29,0,0.13718404807150364,169.09854905679822,0.7823039889335632,49.26038360595703,118.24671936035156,0.03948799893260002,0.3341119885444641,0.0,-0.8169695734977722,256,1517.8194948637545,1513.9100922386542,10.390491648,10.550771712
2,30,0,0.13176491484045982,169.09763601142913,0.79203200340271,49.24614334106445,118.24082946777344,0.038336001336574554,0.336544007062912,0.0,-0.8090534210205078,256,1517.9015904214166,1513.9182666202219,10.390491648,10.550771712
2,31,0,0.12075493577867746,168.9238540129736,0.5625280141830444,49.254974365234375,118.30099487304688,0.038047999143600464,0.3359360098838806,0.0,-0.819627046585083,256,1519.3556298972237,1515.475724229799,10.390491648,10.550771712
2,32,0,0.13562198728322983,169.00010500103235,0.6469119787216187,49.2591667175293,118.26764678955078,0.0379519984126091,0.33580800890922546,0.0,-0.8337354063987732,256,1518.8597993676053,1514.791958256098,10.390491648,10.550771712
2,33,0,0.1751860836520791,168.96124300546944,0.5601599812507629,49.26838302612305,118.3042221069336,0.038784001022577286,0.33267199993133545,0.0,-0.8708146810531616,256,1519.2497749055751,1515.1403685619964,10.390491648,10.550771712
2,34,0,0.11492392513900995,168.8694730401039,0.5578240156173706,49.25996780395508,118.24310302734375,0.037696000188589096,0.33561599254608154,0.0,-0.862013578414917,256,1519.8812925435725,1515.9637523071083,10.390491648,10.550771712
2,35,0,0.10627694427967072,168.89165400061756,0.5589759945869446,49.26335906982422,118.30290985107422,0.03791999816894531,0.3349120020866394,0.0,-0.8362677693367004,256,1519.3051736015668,1515.7646570212635,10.390491648,10.550771712
2,36,0,0.12069393415004015,168.90001005958766,0.5898560285568237,49.259742736816406,118.25270080566406,0.038047999143600464,0.33827200531959534,0.0,-0.8407710790634155,256,1519.480635851711,1515.6896669792004,10.390491648,10.550771712
2,37,0,0.12619397602975368,168.89783507212996,0.5607360005378723,49.26451110839844,118.24816131591797,0.03984000161290169,0.3346560001373291,0.0,-0.8980542421340942,256,1519.7577011802089,1515.7091853230206,10.390491648,10.550771712
2,38,0,0.1141219399869442,169.0032109618187,0.6431999802589417,49.287071228027344,118.2669448852539,0.038015998899936676,0.33878400921821594,0.0,-0.8566985726356506,256,1518.6207573391355,1514.7641192322415,10.390491648,10.550771712
2,39,0,0.13473001308739185,169.1617260221392,0.7794560194015503,49.26188659667969,118.2837142944336,0.03836800158023834,0.3345920145511627,0.0,-0.8878298997879028,256,1517.504501023949,1513.3446910236407,10.390491648,10.550771712
2,40,0,0.12532202526926994,168.95737603772432,0.6176000237464905,49.26124954223633,118.27244567871094,0.0382080003619194,0.33270400762557983,0.0,-0.8853602409362793,256,1519.0876275205383,1515.1750459408238,10.390491648,10.550771712
2,41,0,0.11801999062299728,168.86998410336673,0.5614079833030701,49.25203323364258,118.2742691040039,0.039744000881910324,0.3356800079345703,0.0,-0.8749163746833801,256,1519.6203075438502,1515.9591644380107,10.390491648,10.550771712
2,42,0,0.11944200377911329,168.8837989931926,0.559552013874054,49.25619125366211,118.28262329101562,0.03788800165057182,0.3354560136795044,0.0,-0.8993285298347473,256,1519.542949543053,1515.83515722736,10.390491648,10.550771712
2,43,0,0.1318949507549405,168.89018204528838,0.5621119737625122,49.24995040893555,118.30127716064453,0.03852799907326698,0.333407998085022,0.0,-0.8708879351615906,256,1519.4206091823266,1515.7778676048372,10.390491648,10.550771712
2,44,0,0.13323791790753603,168.84391498751938,0.5598080158233643,49.25791931152344,118.24867248535156,0.038336001336574554,0.33420801162719727,0.0,-0.9010122418403625,256,1519.8385491241586,1516.1932250796424,10.390491648,10.550771712
2,45,0,0.13614294584840536,168.902002973482,0.559328019618988,49.2553596496582,118.28457641601562,0.03903999924659729,0.33260801434516907,0.0,-0.8605841398239136,256,1519.5501514809864,1515.671783005395,10.390491648,10.550771712
2,46,0,0.14147302135825157,168.8881570007652,0.5616959929466248,49.25727844238281,118.24114990234375,0.037696000188589096,0.3340800106525421,0.0,-0.9198418259620667,256,1519.9021056598683,1515.7960424592716,10.390491648,10.550771712
2,47,0,0.12479198630899191,169.29988202173263,0.9827839732170105,49.246368408203125,118.25698852539062,0.03776000067591667,0.3346880078315735,0.0,-0.9027594327926636,256,1516.0614668430205,1512.1097365392013,10.390491648,10.550771712
2,48,0,0.12952997349202633,168.84754307102412,0.5592960119247437,49.26233673095703,118.25273895263672,0.03782400116324425,0.33657601475715637,0.0,-0.9162923097610474,256,1519.7498764701038,1516.1606461298404,10.390491648,10.550771712
2,49,0,0.12811797205358744,168.8903319882229,0.5582720041275024,49.251487731933594,118.27715301513672,0.039423998445272446,0.3391039967536926,0.0,-0.9221853017807007,256,1519.5995028165767,1515.776521878419,10.390491648,10.550771712
2,50,0,0.11833000462502241,168.88797702267766,0.5586559772491455,49.27587127685547,118.28157043457031,0.03763199970126152,0.3340800106525421,0.0,-0.9127474427223206,256,1519.3977561777026,1515.7976577907925,10.390491648,10.550771712
2,51,0,0.12102397158741951,168.84702094830573,0.5574719905853271,49.25059127807617,118.2729263305664,0.0379519984126091,0.3330239951610565,0.0,-0.9027092456817627,256,1519.721061722889,1516.1653345271461,10.390491648,10.550771712
2,52,0,0.12805801816284657,168.93779998645186,0.559391975402832,49.26131057739258,118.29574584960938,0.03791999816894531,0.33542400598526,0.0,-0.9215335845947266,256,1519.3798766294547,1515.350620290605,10.390491648,10.550771712
2,53,0,0.16436504665762186,169.3183269817382,0.982912003993988,49.25664138793945,118.23506927490234,0.038943998515605927,0.33235201239585876,0.0,-0.9257583618164062,256,1516.1752324531553,1511.9450124711593,10.390491648,10.550771712
2,54,0,0.1368039520457387,169.2720000864938,0.9183040261268616,49.25632095336914,118.28300476074219,0.03763199970126152,0.3352000117301941,0.0,-0.9065068960189819,256,1516.3140427617072,1512.3588063542131,10.390491648,10.550771712
2,55,0,0.13948895502835512,168.95931004546583,0.5594559907913208,49.260990142822266,118.2857894897461,0.038047999143600464,0.3354560136795044,0.0,-0.9330003261566162,256,1519.4705342779466,1515.1577023551536,10.390491648,10.550771712
2,56,0,0.11569506023079157,168.87583502102643,0.559328019618988,49.2501106262207,118.22825622558594,0.0387520007789135,0.33369600772857666,0.0,-0.9365394711494446,256,1520.098466886959,1515.9066421085402,10.390491648,10.550771712
2,57,0,0.13218505773693323,169.07791991252452,0.6901760101318359,49.25484848022461,118.33161926269531,0.039264000952243805,0.3340800106525421,0.0,-0.9442697167396545,256,1517.9366651199316,1514.094803936825,10.390491648,10.550771712
2,58,0,0.1397590385749936,168.94442203920335,0.614687979221344,49.255104064941406,118.24614715576172,0.03766399994492531,0.33641600608825684,0.0,-0.9385085701942444,256,1519.3778314374367,1515.2912236462919,10.390491648,10.550771712
2,59,0,0.12268696445971727,168.90694294124842,0.561631977558136,49.25484848022461,118.3104019165039,0.038176000118255615,0.33315199613571167,0.0,-0.9385142922401428,256,1519.3039702738454,1515.6274546336767,10.390491648,10.550771712
3,0,1,0.6026689661666751,173.97475091274828,2.3256640434265137,50.76176071166992,118.7476806640625,0.038784001022577286,0.9055039882659912,0.0,0.16068455576896667,256,1481.6581708608064,1471.4778935271418,10.376714752,10.536091648
3,1,1,0.18029497005045414,168.92060788813978,0.5637440085411072,49.3265266418457,118.16754913330078,0.03859199956059456,0.34095999598503113,0.0,0.13213424384593964,256,1519.852733961754,1515.50484692504,10.390491648,10.550771712
3,2,1,0.17862091772258282,169.04283501207829,0.5622400045394897,49.324161529541016,118.3082275390625,0.03852799907326698,0.3375999927520752,0.0,0.08093053102493286,256,1518.6501173589427,1514.4090548511479,10.390491648,10.550771712
3,3,1,0.1346200006082654,168.80879004020244,0.5586559772491455,49.28416061401367,118.14720153808594,0.039135999977588654,0.3373439908027649,0.0,0.006163358688354492,256,1520.4925139996947,1516.5087075088486,10.390491648,10.550771712
3,4,1,0.15954708214849234,168.80751796998084,0.5618879795074463,49.27452850341797,118.12159729003906,0.03782400116324425,0.34300801157951355,0.0,-0.09027937054634094,256,1520.7422790927535,1516.5201353503976,10.390491648,10.550771712
3,5,1,0.16989605501294136,168.77724195364863,0.5590720176696777,49.2498893737793,118.11174774169922,0.03811199963092804,0.3416000008583069,0.0,-0.18585795164108276,256,1521.0894796081675,1516.792175513245,10.390491648,10.550771712
3,6,1,0.1495170872658491,168.78644889220595,0.5601279735565186,49.25593566894531,118.15229034423828,0.03884800150990486,0.337119996547699,0.0,-0.27236121892929077,256,1520.6928097231457,1516.7094377552326,10.390491648,10.550771712
3,7,1,0.14486908912658691,168.75363793224096,0.5572800040245056,49.264766693115234,118.0997085571289,0.03891199827194214,0.33955198526382446,0.0,-0.33948665857315063,256,1521.091304333227,1517.0043332801558,10.390491648,10.550771712
3,8,1,0.1454300945624709,168.81348902825266,0.5581439733505249,49.25958251953125,118.16918182373047,0.03814399987459183,0.342303991317749,0.0,-0.39759814739227295,256,1520.4847638754143,1516.466494908803,10.390491648,10.550771712
3,9,1,0.17285102512687445,168.82355802226812,0.5568640232086182,49.268287658691406,118.16166687011719,0.03840000182390213,0.3399679958820343,0.0,-0.4604197144508362,256,1520.5043586869767,1516.3760496401405,10.390491648,10.550771712
3,10,0,0.14849600847810507,168.75720396637917,0.5574719905853271,49.28179168701172,118.09180450439453,0.037567999213933945,0.3401600122451782,0.0,-0.5246168375015259,256,1521.013790068101,1516.9722772309137,10.390491648,10.550771712
3,11,0,0.13100297655910254,168.7431379687041,0.5569599866867065,49.2902717590332,118.09737396240234,0.03948799893260002,0.34166398644447327,0.0,-0.5570738315582275,256,1520.8605237122697,1517.0987281715654,10.390491648,10.550771712
3,12,0,0.13984995894134045,168.76547993160784,0.5577600002288818,49.27840042114258,118.09468841552734,0.03836800158023834,0.3439359962940216,0.0,-0.5832290649414062,256,1520.9744199332179,1516.8978875522644,10.390491648,10.550771712
3,13,0,0.12929004151374102,168.78773202188313,0.5592319965362549,49.29142379760742,118.14412689208984,0.03766399994492531,0.3393920063972473,0.0,-0.6006821393966675,256,1520.4442856232124,1516.697907682117,10.390491648,10.550771712
3,14,0,0.1450600102543831,168.7576649710536,0.5590400099754333,49.26124954223633,118.1030044555664,0.0382080003619194,0.3391999900341034,0.0,-0.6363731622695923,256,1521.0869411749525,1516.9681332335972,10.390491648,10.550771712
3,15,0,0.13547204434871674,168.7263569328934,0.5589759945869446,49.261375427246094,118.08873748779297,0.0395519994199276,0.3405120074748993,0.0,-0.661926805973053,256,1521.1913279222922,1517.2496144263785,10.390491648,10.550771712
3,16,0,0.1738220453262329,168.7743569491431,0.5577920079231262,49.258880615234375,118.08585357666016,0.03788800165057182,0.34198400378227234,0.0,-0.6704732775688171,256,1521.2523872387544,1516.8181033398375,10.390491648,10.550771712
3,17,0,0.17010595183819532,168.82129304576665,0.5649279952049255,49.2567024230957,118.15837097167969,0.03807999938726425,0.3409920036792755,0.0,-0.6880314946174622,256,1520.5595685499459,1516.3963939702774,10.390491648,10.550771712
3,18,0,0.14227395877242088,168.77974709495902,0.567296028137207,49.24147033691406,118.14323425292969,0.038816001266241074,0.34303998947143555,0.0,-0.6837960481643677,256,1520.7873517390844,1516.7696622745207,10.390491648,10.550771712
3,19,0,0.15013909433037043,168.7766700051725,0.5600640177726746,49.25862503051758,118.13414764404297,0.03932800143957138,0.3409920036792755,0.0,-0.6784457564353943,256,1520.7936750102833,1516.7973156014655,10.390491648,10.550771712
3,20,0,0.19562290981411934,168.79755991976708,0.5594559907913208,49.25212860107422,118.12054443359375,0.038784001022577286,0.3426240086555481,0.0,-0.6772960424423218,256,1520.9709480857564,1516.6096010018273,10.390491648,10.550771712
3,21,0,0.1554789487272501,168.7680339673534,0.5613440275192261,49.24403381347656,118.14704132080078,0.038176000118255615,0.3399359881877899,0.0,-0.7189785838127136,256,1520.8173956970488,1516.874931715569,10.390491648,10.550771712
3,22,0,0.1525329425930977,168.77186100464314,0.5568000078201294,49.24550247192383,118.12982177734375,0.03814399987459183,0.3413119912147522,0.0,-0.7057311534881592,256,1520.9886308626271,1516.8405353600806,10.390491648,10.550771712
3,23,0,0.15464704483747482,168.81100391037762,0.5606080293655396,49.24649429321289,118.17890930175781,0.03929600119590759,0.34278398752212524,0.0,-0.7212392091751099,256,1520.4781235410242,1516.4888192709957,10.390491648,10.550771712
3,24,0,0.1484559616073966,168.8410099595785,0.6075519919395447,49.26028823852539,118.12866973876953,0.0382080003619194,0.34281599521636963,0.0,-0.7320931553840637,256,1520.3928574788274,1516.219312246994,10.390491648,10.550771712
3,25,0,0.12919993605464697,168.67662500590086,0.5568000078201294,49.25779342651367,118.05538940429688,0.03753599897027016,0.33977600932121277,0.0,-0.7349863648414612,256,1521.5697835315486,1517.6969541040098,10.390491648,10.550771712
3,26,0,0.14597096014767885,168.75505994539708,0.5602880120277405,49.24678421020508,118.12006378173828,0.03843199834227562,0.34006398916244507,0.0,-0.7434276342391968,256,1521.0423856342825,1516.9915502553356,10.390491648,10.550771712
3,27,0,0.1388379605486989,168.7747270334512,0.5551360249519348,49.24809646606445,118.14006042480469,0.03929600119590759,0.3402239978313446,0.0,-0.7693336009979248,256,1520.8871309054591,1516.814777305258,10.390491648,10.550771712
3,28,0,0.14316500164568424,168.7453129561618,0.5582399964332581,49.247711181640625,118.11459350585938,0.038943998515605927,0.3424000144004822,0.0,-0.7726666927337646,256,1521.0762159723308,1517.0791740242648,10.390491648,10.550771712
3,29,0,0.16488588880747557,168.80678699817508,0.5596799850463867,49.2437744140625,118.15609741210938,0.03814399987459183,0.34064000844955444,0.0,-0.7908238172531128,256,1520.7468860475747,1516.5267022277221,10.390491648,10.550771712
3,30,0,0.16417494043707848,168.7017809599638,0.5563200116157532,49.234527587890625,118.08748626708984,0.038015998899936676,0.34003201127052307,0.0,-0.7719403505325317,256,1521.4876080450724,1517.4706428306988,10.390491648,10.550771712
3,31,0,0.15080999583005905,168.72701898682863,0.5557439923286438,49.25059127807617,118.11238098144531,0.03923200070858002,0.34009599685668945,0.0,-0.764799177646637,256,1521.1109620537925,1517.24366101664,10.390491648,10.550771712
3,32,0,0.1391379628330469,168.6781570315361,0.5588160157203674,49.24006271362305,118.0580825805664,0.03788800165057182,0.34166398644447327,0.0,-0.8095382452011108,256,1521.6672943437418,1517.6831695649732,10.390491648,10.550771712
3,33,0,0.1718390267342329,168.75784599687904,0.5580160021781921,49.24409484863281,118.12713623046875,0.03836800158023834,0.3383040130138397,0.0,-0.7964834570884705,256,1521.0397909664252,1516.9665059883164,10.390491648,10.550771712
3,34,0,0.14019105583429337,168.77973603550345,0.5566080212593079,49.2437744140625,118.15961456298828,0.03840000182390213,0.3383679986000061,0.0,-0.8188644647598267,256,1520.7610767732485,1516.769761662321,10.390491648,10.550771712
3,35,0,0.13704400043934584,168.7354239402339,0.558463990688324,49.25164794921875,118.11468505859375,0.03916800022125244,0.34092798829078674,0.0,-0.8053494095802307,256,1521.0490643296632,1517.1680849344073,10.390491648,10.550771712
3,36,0,0.15103002078831196,168.78004698082805,0.559935986995697,49.25008010864258,118.14739227294922,0.03948799893260002,0.3420799970626831,0.0,-0.818244218826294,256,1520.74109946804,1516.7669673008172,10.390491648,10.550771712
3,37,0,0.16513699665665627,168.75402897130698,0.5606719851493835,49.241695404052734,118.12284851074219,0.0382080003619194,0.340256005525589,0.0,-0.8085874319076538,256,1521.0600275836837,1517.0008180576674,10.390491648,10.550771712
3,38,0,0.15187193639576435,168.74208697117865,0.5568640232086182,49.24003219604492,118.1283187866211,0.03807999938726425,0.3415359854698181,0.0,-0.8458540439605713,256,1521.0496246189007,1517.1081773080423,10.390491648,10.550771712
3,39,0,0.13979908544570208,168.71894302312285,0.5578240156173706,49.24863815307617,118.10505676269531,0.03903999924659729,0.33932799100875854,0.0,-0.851326584815979,256,1521.1846931669377,1517.316285966273,10.390491648,10.550771712
3,40,0,0.15650095883756876,168.84132008999586,0.5565440058708191,49.24185562133789,118.19145965576172,0.038336001336574554,0.3424319922924042,0.0,-0.8430524468421936,256,1520.4552251233406,1516.216527231289,10.390491648,10.550771712
3,41,0,0.12480199802666903,168.72602596413344,0.5591679811477661,49.243614196777344,118.13667297363281,0.03862399980425835,0.34118399024009705,0.0,-0.8473300933837891,256,1520.9192056920683,1517.2525906253409,10.390491648,10.550771712
3,42,0,0.1670699566602707,168.8095210120082,0.5575680136680603,49.2608642578125,118.12655639648438,0.037728000432252884,0.33952000737190247,0.0,-0.8799546957015991,256,1520.892337553239,1516.5021407873644,10.390491648,10.550771712
3,43,0,0.14204299077391624,168.79176895599812,0.5560960173606873,49.24924850463867,118.1602554321289,0.039423998445272446,0.34163200855255127,0.0,-0.8749641180038452,256,1520.6717266728153,1516.6616333450238,10.390491648,10.550771712
3,44,0,0.18367101438343525,168.81617391481996,0.5558720231056213,49.24745559692383,118.1435546875,0.037856001406908035,0.34172800183296204,0.0,-0.8516941666603088,256,1520.8541212251507,1516.442376719014,10.390491648,10.550771712
3,45,0,0.14637201093137264,168.77818293869495,0.5576959848403931,49.23855972290039,118.18141174316406,0.03862399980425835,0.34060800075531006,0.0,-0.8753064274787903,256,1520.579203074491,1516.78371897739,10.390491648,10.550771712
3,46,0,0.13644399587064981,168.7282109633088,0.5573440194129944,49.238624572753906,118.13651275634766,0.03782400116324425,0.3387199938297272,0.0,-0.8775650262832642,256,1521.0117192320556,1517.2329424844615,10.390491648,10.550771712
3,47,0,0.148455030284822,168.7758300686255,0.5592640042304993,49.23158264160156,118.13401794433594,0.039423998445272446,0.3420799970626831,0.0,-0.8852804899215698,256,1521.035728779828,1516.8048641556584,10.390491648,10.550771712
3,48,0,0.1701560104265809,168.7986209290102,0.558463990688324,49.25609588623047,118.12979125976562,0.03791999816894531,0.3425920009613037,0.0,-0.8834035992622375,256,1520.8686062821496,1516.6000681229684,10.390491648,10.550771712
3,49,0,0.1516210613772273,168.7638369621709,0.564191997051239,49.242431640625,118.12979125976562,0.0382080003619194,0.3410559892654419,0.0,-0.8901737928390503,256,1520.9515934149085,1516.9126550339304,10.390491648,10.550771712
3,50,0,0.1449489500373602,168.76829497050494,0.5614399909973145,49.255775451660156,118.11746978759766,0.03830400109291077,0.3386240005493164,0.0,-0.9051598310470581,256,1520.9883327972552,1516.8725858416728,10.390491648,10.550771712
3,51,0,0.1446079695597291,168.81668497808278,0.5615040063858032,49.244319915771484,118.15580749511719,0.03932800143957138,0.3396480083465576,0.0,-0.9033397436141968,256,1520.7263649141867,1516.4377859524732,10.390491648,10.550771712
3,52,0,0.14257500879466534,168.73267898336053,0.5588799715042114,49.2498893737793,118.10163116455078,0.038015998899936676,0.3415679931640625,0.0,-0.9059851169586182,256,1521.1838111323395,1517.1927663475626,10.390491648,10.550771712
3,53,0,0.07192394696176052,168.6870240373537,0.5592960119247437,49.2553596496582,118.1081314086914,0.037567999213933945,0.33817601203918457,0.0,-0.9019749760627747,256,1521.1065619817443,1517.6033927974918,10.390491648,10.550771712
3,54,0,0.15802402049303055,168.78855298273265,0.5600000023841858,49.24675369262695,118.15760040283203,0.038495998829603195,0.3404799997806549,0.0,-0.9232223033905029,256,1520.7017697304852,1516.6905307031645,10.390491648,10.550771712
3,55,0,0.15946594066917896,168.7652290565893,0.5601599812507629,49.23855972290039,118.14656066894531,0.0390079990029335,0.3417919874191284,0.0,-0.9207163453102112,256,1520.857608358868,1516.9001424704593,10.390491648,10.550771712
3,56,0,0.1468429109081626,168.79218898247927,0.5582399964332581,49.24822235107422,118.17584228515625,0.03855999931693077,0.3420479893684387,0.0,-0.9205003976821899,256,1520.5248947893183,1516.657859248291,10.390491648,10.550771712
3,57,0,0.12046401388943195,168.74510201159865,0.5567039847373962,49.249759674072266,118.13177490234375,0.03766399994492531,0.34166398644447327,0.0,-0.9057998061180115,256,1520.934536132867,1517.0810704917758,10.390491648,10.550771712
3,58,0,0.13655296061187983,168.75950898975134,0.5582079887390137,49.26713562011719,118.13520050048828,0.038015998899936676,0.34035199880599976,0.0,-0.9176555275917053,256,1520.741679958131,1516.9515574707361,10.390491648,10.550771712
3,59,0,0.1496380427852273,168.7979899579659,0.5566400289535522,49.260704040527344,118.15229034423828,0.03907199949026108,0.3399359881877899,0.0,-0.934119701385498,256,1520.6537834122462,1516.6057372113798,10.390491648,10.550771712
4,0,1,0.5690860562026501,250.76380802784115,6.365375995635986,122.60047912597656,119.75286102294922,0.03868800029158592,0.9083200097084045,0.0,0.15040938556194305,256,1025.371027067844,1020.8809716734621,10.376714752,10.536091648
4,1,1,0.17111690249294043,168.97223389241844,0.5621439814567566,49.30876922607422,118.2489242553711,0.03884800150990486,0.3349759876728058,0.0,0.12113982439041138,256,1519.344987780444,1515.0418154676854,10.390491648,10.550771712
4,2,1,0.19279797561466694,168.9047779655084,0.5600320100784302,49.288673400878906,118.19241333007812,0.03753599897027016,0.33823999762535095,0.0,0.07186548411846161,256,1520.0375259193004,1515.6468815362766,10.390491648,10.550771712
4,3,1,0.18398091197013855,168.82529109716415,0.5581439733505249,49.28112030029297,118.14444732666016,0.03788800165057182,0.33715200424194336,0.0,-0.01334865391254425,256,1520.5624748204557,1516.36048329195,10.390491648,10.550771712
4,4,1,0.19519298803061247,168.9019629266113,0.5606399774551392,49.262657165527344,118.19827270507812,0.03776000067591667,0.3380480110645294,0.0,-0.09048908948898315,256,1520.2136948541583,1515.6721423731067,10.390491648,10.550771712
4,5,1,0.12744695413857698,168.84340404067189,0.5584319829940796,49.26009750366211,118.19631958007812,0.03939199820160866,0.33695998787879944,0.0,-0.17294171452522278,256,1520.2694582581391,1516.197813320166,10.390491648,10.550771712
4,6,1,0.16188109293580055,168.81538298912346,0.5607360005378723,49.24614334106445,118.16659545898438,0.038336001336574554,0.3389120101928711,0.0,-0.2282751202583313,256,1520.6349917826178,1516.449481481754,10.390491648,10.550771712
4,7,1,0.17089699395000935,168.8582020578906,0.5569919943809509,49.25526428222656,118.19657897949219,0.0379519984126091,0.33855998516082764,0.0,-0.2805975675582886,256,1520.3223094918085,1516.0649401693504,10.390491648,10.550771712
4,8,1,0.1606179866939783,168.86455402709544,0.5593600273132324,49.258304595947266,118.22179412841797,0.037728000432252884,0.3367680013179779,0.0,-0.34720999002456665,256,1520.0640610500727,1516.007912228419,10.390491648,10.550771712
4,9,1,0.07880607154220343,168.7808888964355,0.5574079751968384,49.26249694824219,118.21971130371094,0.03984000161290169,0.3367359936237335,0.0,-0.44039368629455566,256,1520.0438664588892,1516.759401338871,10.390491648,10.550771712
4,10,0,0.14998798724263906,168.92563796136528,0.5568640232086182,49.27510452270508,118.25811004638672,0.03807999938726425,0.33983999490737915,0.0,-0.5031869411468506,256,1519.5764308223331,1515.4597199659495,10.390491648,10.550771712
4,11,0,0.1269750064238906,168.81507192738354,0.5561280250549316,49.28371047973633,118.16729736328125,0.03807999938726425,0.33612799644470215,0.0,-0.5276086926460266,256,1520.3584561417563,1516.4522757193113,10.390491648,10.550771712
4,12,0,0.15242293011397123,168.8589929835871,0.560479998588562,49.268798828125,118.1915512084961,0.03824000060558319,0.33558401465415955,0.0,-0.5780179500579834,256,1520.2382845436084,1516.0578390093972,10.390491648,10.550771712
4,13,0,0.1544369151815772,168.8239690847695,0.5614399909973145,49.26947021484375,118.15471649169922,0.03920000046491623,0.3367359936237335,0.0,-0.6066286563873291,256,1520.5370864185293,1516.3723574788003,10.390491648,10.550771712
4,14,0,0.1762069296091795,168.87493303511292,0.5642880201339722,49.27366256713867,118.19129943847656,0.03753599897027016,0.3391680121421814,0.0,-0.6315258145332336,256,1520.1362770342744,1515.9147387893963,10.390491648,10.550771712
4,15,0,0.12571399565786123,168.783784029074,0.5571839809417725,49.25641632080078,118.15923309326172,0.03782400116324425,0.33875200152397156,0.0,-0.6435626149177551,256,1520.6468553462619,1516.733384505128,10.390491648,10.550771712
4,16,0,0.14791497960686684,168.85183996055275,0.5642560124397278,49.24867248535156,118.22748565673828,0.03855999931693077,0.3389759957790375,0.0,-0.662257730960846,256,1520.0280004154247,1516.1220633414882,10.390491648,10.550771712
4,17,0,0.13286701869219542,168.8286269782111,0.5598080158233643,49.2545280456543,118.20098876953125,0.038784001022577286,0.33555200695991516,0.0,-0.7049245238304138,256,1520.2833637439219,1516.3305215592327,10.390491648,10.550771712
4,18,0,0.15755300410091877,168.83334598969668,0.5592640042304993,49.25459289550781,118.18035125732422,0.03776000067591667,0.3399359881877899,0.0,-0.7048120498657227,256,1520.4436945615782,1516.2881390482114,10.390491648,10.550771712
4,19,0,0.13003195635974407,168.7908770982176,0.5601919889450073,49.270591735839844,118.12841796875,0.037856001406908035,0.3375999927520752,0.0,-0.691864550113678,256,1520.7801145439046,1516.6696470866511,10.390491648,10.550771712
4,20,0,0.18892099615186453,168.88104402460158,0.5578240156173706,49.26688003540039,118.1866226196289,0.038176000118255615,0.3378880023956299,0.0,-0.6793035268783569,256,1520.3038599065608,1515.8598851550648,10.390491648,10.550771712
4,21,0,0.14937808737158775,168.86105702724308,0.5623679757118225,49.24796676635742,118.22278594970703,0.03964800015091896,0.3372479975223541,0.0,-0.7004106044769287,256,1520.0996059044849,1516.039307741029,10.390491648,10.550771712
4,22,0,0.13740500435233116,168.8615180319175,0.5662400126457214,49.249568939208984,118.22815704345703,0.038336001336574554,0.3401600122451782,0.0,-0.7406187057495117,256,1519.9872804761756,1516.035168839427,10.390491648,10.550771712
4,23,0,0.1764269545674324,168.8733600312844,0.5577920079231262,49.26313781738281,118.21968078613281,0.03779200091958046,0.3386879861354828,0.0,-0.7301457524299622,256,1520.0357581897895,1515.9288590727103,10.390491648,10.550771712
4,24,0,0.14681206084787846,168.81942003965378,0.5570560097694397,49.2496337890625,118.1962890625,0.037567999213933945,0.33609598875045776,0.0,-0.7513349056243896,256,1520.400903996702,1516.4132179808962,10.390491648,10.550771712
4,25,0,0.13851700350642204,168.85353403631598,0.5595840215682983,49.249183654785156,118.23049926757812,0.03932800143957138,0.335999995470047,0.0,-0.7465233206748962,256,1520.0582828936222,1516.1068523738513,10.390491648,10.550771712
4,26,0,0.1478339545428753,168.82194497156888,0.5554879903793335,49.25564956665039,118.1629409790039,0.03836800158023834,0.33820798993110657,0.0,-0.7582581043243408,256,1520.635608566132,1516.3905382271996,10.390491648,10.550771712
4,27,0,0.1382670598104596,168.83732296992093,0.5586559772491455,49.240928649902344,118.21302032470703,0.03807999938726425,0.3384000062942505,0.0,-0.7911756634712219,256,1520.2885630297912,1516.2524227276895,10.390491648,10.550771712
4,28,0,0.1506900880485773,168.86631702072918,0.5608000159263611,49.238975524902344,118.22684478759766,0.03811199963092804,0.33686399459838867,0.0,-0.8032264709472656,256,1520.1756134752234,1515.9920848429158,10.390491648,10.550771712
4,29,0,0.13414002023637295,168.84273302275687,0.5611839890480042,49.25279998779297,118.21724700927734,0.03932800143957138,0.33660799264907837,0.0,-0.7848945260047913,256,1520.125328336459,1516.2038390215819,10.390491648,10.550771712
4,30,0,0.16520696226507425,168.79458399489522,0.5566400289535522,49.243072509765625,118.16365051269531,0.038784001022577286,0.33846399188041687,0.0,-0.7929788827896118,256,1520.7263322372355,1516.6363395151475,10.390491648,10.550771712
4,31,0,0.13934902381151915,168.79795107524842,0.5581759810447693,49.26764678955078,118.17164611816406,0.037567999213933945,0.3383679986000061,0.0,-0.8102754950523376,256,1520.4301425896624,1516.606086562495,10.390491648,10.550771712
4,32,0,0.14137208927422762,168.74622402247041,0.5589759945869446,49.2437744140625,118.12454223632812,0.037567999213933945,0.3357439935207367,0.0,-0.7722100615501404,256,1521.087821110753,1517.0709832648508,10.390491648,10.550771712
4,33,0,0.14781393110752106,168.80559409037232,0.5677760243415833,49.25040054321289,118.15833282470703,0.03903999924659729,0.33695998787879944,0.0,-0.8021676540374756,256,1520.6188547097752,1516.5374191506176,10.390491648,10.550771712
4,34,0,0.13842701446264982,168.76469796989113,0.5586240291595459,49.244510650634766,118.16722869873047,0.037728000432252884,0.3391999900341034,0.0,-0.8181445598602295,256,1520.6659870688845,1516.9049160131362,10.390491648,10.550771712
4,35,0,0.15688210260123014,168.87991200201213,0.5562559962272644,49.242366790771484,118.26258850097656,0.03836800158023834,0.3375999927520752,0.0,-0.7993742227554321,256,1519.8544709118732,1515.870046148235,10.390491648,10.550771712
4,36,0,0.15103991609066725,168.81356900557876,0.5564159750938416,49.2487678527832,118.18934631347656,0.03798399865627289,0.334879994392395,0.0,-0.815850555896759,256,1520.4844222726606,1516.4657764657532,10.390491648,10.550771712
4,37,0,0.1345500349998474,168.7604800099507,0.5604159832000732,49.25235366821289,118.13961791992188,0.03916800022125244,0.33776000142097473,0.0,-0.8382270336151123,256,1520.828378162177,1516.9428291795884,10.390491648,10.550771712
4,38,0,0.18099602311849594,168.90688298735768,0.5570560097694397,49.2729606628418,118.2327651977539,0.03791999816894531,0.3375680148601532,0.0,-0.8314297795295715,256,1519.8446301854242,1515.6279926091647,10.390491648,10.550771712
4,39,0,0.14464801643043756,168.82348794024438,0.5595200061798096,49.24291229248047,118.19983673095703,0.037567999213933945,0.3364480137825012,0.0,-0.8214464783668518,256,1520.4041349125257,1516.376679118323,10.390491648,10.550771712
4,40,0,0.1496579498052597,168.8370619667694,0.5618879795074463,49.245121002197266,118.1977310180664,0.03776000067591667,0.34067198634147644,0.0,-0.832103967666626,256,1520.3419497293114,1516.2547666837868,10.390491648,10.550771712
4,41,0,0.15032896772027016,168.8139799516648,0.5611199736595154,49.259681701660156,118.18035125732422,0.03964800015091896,0.3359679877758026,0.0,-0.8393803238868713,256,1520.399765604033,1516.4620849132193,10.390491648,10.550771712
4,42,0,0.14795491006225348,168.81862899754196,0.5579519867897034,49.246273040771484,118.17948913574219,0.03814399987459183,0.33740800619125366,0.0,-0.8381872773170471,256,1520.5578274644197,1516.4203235161176,10.390491648,10.550771712
4,43,0,0.07436797022819519,168.7694180291146,0.5592640042304993,49.25129699707031,118.2291488647461,0.0379519984126091,0.3367680013179779,0.0,-0.8313984870910645,256,1520.0597728117848,1516.8624919701813,10.390491648,10.550771712
4,44,0,0.14449795708060265,168.89021103270352,0.5560960173606873,49.26486587524414,118.24620819091797,0.0382080003619194,0.33929601311683655,0.0,-0.8547024726867676,256,1519.786846169908,1515.7776074448077,10.390491648,10.550771712
4,45,0,0.1368139637634158,168.8149319961667,0.5612159967422485,49.261505126953125,118.1974105834961,0.03859199956059456,0.3376320004463196,0.0,-0.8636365532875061,256,1520.2229224314317,1516.4535327112712,10.390491648,10.550771712
4,46,0,0.14042994007468224,168.90521999448538,0.5557439923286438,49.25328063964844,118.26239776611328,0.03907199949026108,0.33855998516082764,0.0,-0.8679433465003967,256,1519.747326205404,1515.6429150523484,10.390491648,10.550771712
4,47,0,0.13689394108951092,168.77961601130664,0.5572159886360168,49.26515197753906,118.15106964111328,0.038015998899936676,0.3378239870071411,0.0,-0.8727574348449707,256,1520.6480458954304,1516.7708402823384,10.390491648,10.550771712
4,48,0,0.08649099618196487,168.76749403309077,0.5587520003318787,49.25084686279297,118.21686553955078,0.03776000067591667,0.33721598982810974,0.0,-0.8813396096229553,256,1520.1770210652435,1516.8797846213517,10.390491648,10.550771712
4,49,0,0.13400893658399582,168.8207919942215,0.5664640069007874,49.248287200927734,118.19625854492188,0.03872000053524971,0.3375680148601532,0.0,-0.8819015026092529,256,1520.3046987100477,1516.4008945578369,10.390491648,10.550771712
4,50,0,0.08831406012177467,168.76541008241475,0.5631359815597534,49.249473571777344,118.19977569580078,0.03884800150990486,0.339136004447937,0.0,-0.9058705568313599,256,1520.2769679314845,1516.8985153710419,10.390491648,10.550771712
4,51,0,0.16001705080270767,168.81884797476232,0.5572479963302612,49.254398345947266,118.17919921875,0.03763199970126152,0.3370560109615326,0.0,-0.854462742805481,256,1520.5012247414331,1516.4183565467222,10.390491648,10.550771712
4,52,0,0.1702869776636362,168.9054899616167,0.5579839944839478,49.26367950439453,118.23526763916016,0.03759999945759773,0.3393920063972473,0.0,-0.8768408894538879,256,1519.8838525021984,1515.640492551043,10.390491648,10.550771712
4,53,0,0.1630219630897045,168.8271650345996,0.5576320290565491,49.24943923950195,118.18790435791016,0.03916800022125244,0.3386240005493164,0.0,-0.8992265462875366,256,1520.4358971324796,1516.343652086648,10.390491648,10.550771712
4,54,0,0.1437370665371418,168.79872092977166,0.5615040063858032,49.25929641723633,118.13951873779297,0.037856001406908035,0.3399040102958679,0.0,-0.8827023506164551,256,1520.749204561917,1516.599169649563,10.390491648,10.550771712
4,55,0,0.13741501607000828,168.77546801697463,0.5559359788894653,49.24649429321289,118.16614532470703,0.037567999213933945,0.33820798993110657,0.0,-0.9005680084228516,256,1520.692542329166,1516.8081179561757,10.390491648,10.550771712
4,56,0,0.13573199976235628,168.75961900223047,0.5577600002288818,49.25145721435547,118.12726593017578,0.037567999213933945,0.33776000142097473,0.0,-0.9052084684371948,256,1520.9865443064843,1516.950568587243,10.390491648,10.550771712
4,57,0,0.14716305304318666,168.83610095828772,0.5610880255699158,49.25449752807617,118.17718505859375,0.039264000952243805,0.33744001388549805,0.0,-0.9045833349227905,256,1520.4656340884576,1516.263397146602,10.390491648,10.550771712
4,58,0,0.14352600555866957,168.84051891975105,0.5607680082321167,49.25251388549805,118.1928939819336,0.037696000188589096,0.3377920091152191,0.0,-0.9154621362686157,256,1520.3555665947702,1516.2237218761177,10.390491648,10.550771712
4,59,0,0.16611791215837002,168.83478895761073,0.5580480098724365,49.256065368652344,118.19615936279297,0.03782400116324425,0.33769598603248596,0.0,-0.9042303562164307,256,1520.31828726041,1516.2751798995278,10.390491648,10.550771712
